SQL> show user;
USER is "SCOTT"
SQL> set pages 200 line 200
SQL> select *
  2  from emp;

     EMPNO ENAME      JOB              MGR HIREDATE         SAL       COMM     DEPTNO                                                                                                                   
---------- ---------- --------- ---------- --------- ---------- ---------- ----------                                                                                                                   
      7369 SMITH      CLERK           7902 17-DEC-80        800                    20                                                                                                                   
      7499 ALLEN      SALESMAN        7698 20-FEB-81       1600        300         30                                                                                                                   
      7521 WARD       SALESMAN        7698 22-FEB-81       1250        500         30                                                                                                                   
      7566 JONES      MANAGER         7839 02-APR-81       2975                    20                                                                                                                   
      7654 MARTIN     SALESMAN        7698 28-SEP-81       1250       1400         30                                                                                                                   
      7698 BLAKE      MANAGER         7839 01-MAY-81       2850                    30                                                                                                                   
      7782 CLARK      MANAGER         7839 09-JUN-81       2450                    10                                                                                                                   
      7788 SCOTT      ANALYST         7566 19-APR-87       3000                    20                                                                                                                   
      7839 KING       PRESIDENT            17-NOV-81       5000                    10                                                                                                                   
      7844 TURNER     SALESMAN        7698 08-SEP-81       1500          0         30                                                                                                                   
      7876 ADAMS      CLERK           7788 23-MAY-87       1100                    20                                                                                                                   
      7900 JAMES      CLERK           7698 03-DEC-81        950                    30                                                                                                                   
      7902 FORD       ANALYST         7566 03-DEC-81       3000                    20                                                                                                                   
      7934 MILLER     CLERK           7782 23-JAN-82       1300                    10                                                                                                                   

14 rows selected.

SQL> select *
  2  from dept;

    DEPTNO DNAME          LOC                                                                                                                                                                           
---------- -------------- -------------                                                                                                                                                                 
        10 ACCOUNTING     NEW YORK                                                                                                                                                                      
        20 RESEARCH       DALLAS                                                                                                                                                                        
        30 SALES          CHICAGO                                                                                                                                                                       
        40 OPERATIONS     BOSTON                                                                                                                                                                        

SQL> select ename,job,sal
  2  from emp;

ENAME      JOB              SAL                                                                                                                                                                         
---------- --------- ----------                                                                                                                                                                         
SMITH      CLERK            800                                                                                                                                                                         
ALLEN      SALESMAN        1600                                                                                                                                                                         
WARD       SALESMAN        1250                                                                                                                                                                         
JONES      MANAGER         2975                                                                                                                                                                         
MARTIN     SALESMAN        1250                                                                                                                                                                         
BLAKE      MANAGER         2850                                                                                                                                                                         
CLARK      MANAGER         2450                                                                                                                                                                         
SCOTT      ANALYST         3000                                                                                                                                                                         
KING       PRESIDENT       5000                                                                                                                                                                         
TURNER     SALESMAN        1500                                                                                                                                                                         
ADAMS      CLERK           1100                                                                                                                                                                         
JAMES      CLERK            950                                                                                                                                                                         
FORD       ANALYST         3000                                                                                                                                                                         
MILLER     CLERK           1300                                                                                                                                                                         

14 rows selected.

SQL> select dname,loc from dept;

DNAME          LOC                                                                                                                                                                                      
-------------- -------------                                                                                                                                                                            
ACCOUNTING     NEW YORK                                                                                                                                                                                 
RESEARCH       DALLAS                                                                                                                                                                                   
SALES          CHICAGO                                                                                                                                                                                  
OPERATIONS     BOSTON                                                                                                                                                                                   

SQL> select distinct sal
  2  from emp;

       SAL                                                                                                                                                                                              
----------                                                                                                                                                                                              
      2450                                                                                                                                                                                              
      5000                                                                                                                                                                                              
      1300                                                                                                                                                                                              
      1250                                                                                                                                                                                              
      2850                                                                                                                                                                                              
      2975                                                                                                                                                                                              
      1100                                                                                                                                                                                              
      3000                                                                                                                                                                                              
       800                                                                                                                                                                                              
      1600                                                                                                                                                                                              
      1500                                                                                                                                                                                              
       950                                                                                                                                                                                              

12 rows selected.

SQL> select distinct deptno
  2  from emp;

    DEPTNO                                                                                                                                                                                              
----------                                                                                                                                                                                              
        30                                                                                                                                                                                              
        20                                                                                                                                                                                              
        10                                                                                                                                                                                              

SQL> select distinct job
  2  from emp;

JOB                                                                                                                                                                                                     
---------                                                                                                                                                                                               
CLERK                                                                                                                                                                                                   
SALESMAN                                                                                                                                                                                                
PRESIDENT                                                                                                                                                                                               
MANAGER                                                                                                                                                                                                 
ANALYST                                                                                                                                                                                                 

SQL> select distinct job,sal,deptno
  2  from emp;

JOB              SAL     DEPTNO                                                                                                                                                                         
--------- ---------- ----------                                                                                                                                                                         
ANALYST         3000         20                                                                                                                                                                         
SALESMAN        1500         30                                                                                                                                                                         
SALESMAN        1250         30                                                                                                                                                                         
MANAGER         2850         30                                                                                                                                                                         
MANAGER         2450         10                                                                                                                                                                         
MANAGER         2975         20                                                                                                                                                                         
SALESMAN        1600         30                                                                                                                                                                         
CLERK            800         20                                                                                                                                                                         
PRESIDENT       5000         10                                                                                                                                                                         
CLERK            950         30                                                                                                                                                                         
CLERK           1300         10                                                                                                                                                                         
CLERK           1100         20                                                                                                                                                                         

12 rows selected.

SQL> spool off
