SQL> cl scr
SQL> set pages 200 lines 200
SQL> SELECT ENAME,LOC
  2  FROM EMP,DEPT
  3  WHERE EMP.DEPTNO=DEPT.DEPTNO;

ENAME      LOC                                                                                                                                                                                          
---------- -------------                                                                                                                                                                                
SMITH      DALLAS                                                                                                                                                                                       
ALLEN      CHICAGO                                                                                                                                                                                      
WARD       CHICAGO                                                                                                                                                                                      
JONES      DALLAS                                                                                                                                                                                       
MARTIN     CHICAGO                                                                                                                                                                                      
BLAKE      CHICAGO                                                                                                                                                                                      
CLARK      NEW YORK                                                                                                                                                                                     
SCOTT      DALLAS                                                                                                                                                                                       
KING       NEW YORK                                                                                                                                                                                     
TURNER     CHICAGO                                                                                                                                                                                      
ADAMS      DALLAS                                                                                                                                                                                       
JAMES      CHICAGO                                                                                                                                                                                      
FORD       DALLAS                                                                                                                                                                                       
MILLER     NEW YORK                                                                                                                                                                                     

14 rows selected.

SQL> ED
Wrote file afiedt.buf

  1  SELECT ENAME,LOC
  2  FROM EMP INNER JOINS DEPT
  3* ON EMP.DEPTNO=DEPT.DEPTNO
SQL> /
FROM EMP INNER JOINS DEPT
               *
ERROR at line 2:
ORA-00933: SQL command not properly ended 


SQL> ED
Wrote file afiedt.buf

  1  SELECT ENAME,LOC
  2  FROM EMP INNER JOIN DEPT
  3* ON EMP.DEPTNO=DEPT.DEPTNO
SQL> /

ENAME      LOC                                                                                                                                                                                          
---------- -------------                                                                                                                                                                                
SMITH      DALLAS                                                                                                                                                                                       
ALLEN      CHICAGO                                                                                                                                                                                      
WARD       CHICAGO                                                                                                                                                                                      
JONES      DALLAS                                                                                                                                                                                       
MARTIN     CHICAGO                                                                                                                                                                                      
BLAKE      CHICAGO                                                                                                                                                                                      
CLARK      NEW YORK                                                                                                                                                                                     
SCOTT      DALLAS                                                                                                                                                                                       
KING       NEW YORK                                                                                                                                                                                     
TURNER     CHICAGO                                                                                                                                                                                      
ADAMS      DALLAS                                                                                                                                                                                       
JAMES      CHICAGO                                                                                                                                                                                      
FORD       DALLAS                                                                                                                                                                                       
MILLER     NEW YORK                                                                                                                                                                                     

14 rows selected.

SQL> CL SCR
SQL> SELECT DNAME,SAL*12 AS 'ANNUAL SALARY'
  2  FROM DEPT,EMP
  3  WHERE DEPT.DEPTNO = EMP.DEPTNO;
SELECT DNAME,SAL*12 AS 'ANNUAL SALARY'
                       *
ERROR at line 1:
ORA-00923: FROM keyword not found where expected 


SQL> ED
Wrote file afiedt.buf

  1  SELECT DNAME,SAL*12 AS "ANNUAL SALARY"
  2  FROM DEPT,EMP
  3* WHERE DEPT.DEPTNO = EMP.DEPTNO
SQL> /

DNAME          ANNUAL SALARY                                                                                                                                                                            
-------------- -------------                                                                                                                                                                            
RESEARCH                9600                                                                                                                                                                            
SALES                  19200                                                                                                                                                                            
SALES                  15000                                                                                                                                                                            
RESEARCH               35700                                                                                                                                                                            
SALES                  15000                                                                                                                                                                            
SALES                  34200                                                                                                                                                                            
ACCOUNTING             29400                                                                                                                                                                            
RESEARCH               36000                                                                                                                                                                            
ACCOUNTING             60000                                                                                                                                                                            
SALES                  18000                                                                                                                                                                            
RESEARCH               13200                                                                                                                                                                            
SALES                  11400                                                                                                                                                                            
RESEARCH               36000                                                                                                                                                                            
ACCOUNTING             15600                                                                                                                                                                            

14 rows selected.

SQL> ED
Wrote file afiedt.buf

  1  SELECT DNAME,SAL*12 AS "ANNUAL SALARY"
  2  FROM DEPT,EMP
  3* WHERE DEPT.DEPTNO = EMP.DEPTNO AND SAL > 2340
SQL> /

DNAME          ANNUAL SALARY                                                                                                                                                                            
-------------- -------------                                                                                                                                                                            
RESEARCH               35700                                                                                                                                                                            
SALES                  34200                                                                                                                                                                            
ACCOUNTING             29400                                                                                                                                                                            
RESEARCH               36000                                                                                                                                                                            
ACCOUNTING             60000                                                                                                                                                                            
RESEARCH               36000                                                                                                                                                                            

6 rows selected.

SQL> ED
Wrote file afiedt.buf

  1  SELECT ENAME,DNAME
  2  FROM DEPT,EMP
  3* WHERE DEPT.DEPTNO = EMP.DEPTNO AND DNAME LIKE '%A%'
SQL> /

ENAME      DNAME                                                                                                                                                                                        
---------- --------------                                                                                                                                                                               
SMITH      RESEARCH                                                                                                                                                                                     
ALLEN      SALES                                                                                                                                                                                        
WARD       SALES                                                                                                                                                                                        
JONES      RESEARCH                                                                                                                                                                                     
MARTIN     SALES                                                                                                                                                                                        
BLAKE      SALES                                                                                                                                                                                        
CLARK      ACCOUNTING                                                                                                                                                                                   
SCOTT      RESEARCH                                                                                                                                                                                     
KING       ACCOUNTING                                                                                                                                                                                   
TURNER     SALES                                                                                                                                                                                        
ADAMS      RESEARCH                                                                                                                                                                                     
JAMES      SALES                                                                                                                                                                                        
FORD       RESEARCH                                                                                                                                                                                     
MILLER     ACCOUNTING                                                                                                                                                                                   

14 rows selected.

SQL> SELECT ENAME,DNAME
  2  FROM EMP,DEPT
  3  WHERE JOB ='SALESMAN';

ENAME      DNAME                                                                                                                                                                                        
---------- --------------                                                                                                                                                                               
ALLEN      ACCOUNTING                                                                                                                                                                                   
ALLEN      RESEARCH                                                                                                                                                                                     
ALLEN      SALES                                                                                                                                                                                        
ALLEN      OPERATIONS                                                                                                                                                                                   
WARD       ACCOUNTING                                                                                                                                                                                   
WARD       RESEARCH                                                                                                                                                                                     
WARD       SALES                                                                                                                                                                                        
WARD       OPERATIONS                                                                                                                                                                                   
MARTIN     ACCOUNTING                                                                                                                                                                                   
MARTIN     RESEARCH                                                                                                                                                                                     
MARTIN     SALES                                                                                                                                                                                        
MARTIN     OPERATIONS                                                                                                                                                                                   
TURNER     ACCOUNTING                                                                                                                                                                                   
TURNER     RESEARCH                                                                                                                                                                                     
TURNER     SALES                                                                                                                                                                                        
TURNER     OPERATIONS                                                                                                                                                                                   

16 rows selected.

SQL> ED
Wrote file afiedt.buf

  1  SELECT ENAME,DNAME
  2  FROM EMP,DEPT
  3* WHERE JOB ='SALESMAN' AND EMP.DEPTNO=DEPT.DEPTNO
SQL> /

ENAME      DNAME                                                                                                                                                                                        
---------- --------------                                                                                                                                                                               
ALLEN      SALES                                                                                                                                                                                        
WARD       SALES                                                                                                                                                                                        
MARTIN     SALES                                                                                                                                                                                        
TURNER     SALES                                                                                                                                                                                        

SQL> SELECT DNAME,JOB
  2  FROM EMP,DEPT
  3  WHERE EMP.DEPTNO = DEPT.DEPTNO AND DNAME LIKE 'S%' AND JOB LIKE 'S%';

DNAME          JOB                                                                                                                                                                                      
-------------- ---------                                                                                                                                                                                
SALES          SALESMAN                                                                                                                                                                                 
SALES          SALESMAN                                                                                                                                                                                 
SALES          SALESMAN                                                                                                                                                                                 
SALES          SALESMAN                                                                                                                                                                                 

SQL> CL SCR
SQL> SELECT DNAME,MGR
  2  FROM EMP,DEPT
  3  WHERE EMP.DEPTNO=DEPT.DEPTNO AND MGR=7839;

DNAME                 MGR                                                                                                                                                                               
-------------- ----------                                                                                                                                                                               
RESEARCH             7839                                                                                                                                                                               
SALES                7839                                                                                                                                                                               
ACCOUNTING           7839                                                                                                                                                                               

SQL> SELECT DNAME,HIREDATE
  2  FROM EMP,DEPT
  3  WHERE EMP.DEPTNO = DEPT.DEPTNO
  4  AND HIREDATE > '31-DEC-83'
  5  AND DNAME IN ('ACCOUNTING','RESEARCH');

DNAME          HIREDATE                                                                                                                                                                                 
-------------- ---------                                                                                                                                                                                
RESEARCH       19-APR-87                                                                                                                                                                                
RESEARCH       23-MAY-87                                                                                                                                                                                

SQL> SELECT * FROM EMP;

     EMPNO ENAME      JOB              MGR HIREDATE         SAL       COMM     DEPTNO                                                                                                                   
---------- ---------- --------- ---------- --------- ---------- ---------- ----------                                                                                                                   
      7369 SMITH      CLERK           7902 17-DEC-80        800                    20                                                                                                                   
      7499 ALLEN      SALESMAN        7698 20-FEB-81       1600        300         30                                                                                                                   
      7521 WARD       SALESMAN        7698 22-FEB-81       1250        500         30                                                                                                                   
      7566 JONES      MANAGER         7839 02-APR-81       2975                    20                                                                                                                   
      7654 MARTIN     SALESMAN        7698 28-SEP-81       1250       1400         30                                                                                                                   
      7698 BLAKE      MANAGER         7839 01-MAY-81       2850                    30                                                                                                                   
      7782 CLARK      MANAGER         7839 09-JUN-81       2450                    10                                                                                                                   
      7788 SCOTT      ANALYST         7566 19-APR-87       3000                    20                                                                                                                   
      7839 KING       PRESIDENT            17-NOV-81       5000                    10                                                                                                                   
      7844 TURNER     SALESMAN        7698 08-SEP-81       1500          0         30                                                                                                                   
      7876 ADAMS      CLERK           7788 23-MAY-87       1100                    20                                                                                                                   
      7900 JAMES      CLERK           7698 03-DEC-81        950                    30                                                                                                                   
      7902 FORD       ANALYST         7566 03-DEC-81       3000                    20                                                                                                                   
      7934 MILLER     CLERK           7782 23-JAN-82       1300                    10                                                                                                                   

14 rows selected.

SQL> SELECT ENAME,DNAME
  2  FROM EMP,DEPT
  3  WHERE EMP.DEPTNO=DEPT.DEPTNO
  4  AND COMM IS NOT NULL
  5  AND EMP.DEPTNO IN (10,30);

ENAME      DNAME                                                                                                                                                                                        
---------- --------------                                                                                                                                                                               
ALLEN      SALES                                                                                                                                                                                        
WARD       SALES                                                                                                                                                                                        
MARTIN     SALES                                                                                                                                                                                        
TURNER     SALES                                                                                                                                                                                        

SQL> SELECT DNAME,EMPNO
  2  FROM EMP,DEPT
  3  WHERE EMP.DEPTNO=DEPT.DEPTNO AND EMPNO IN (7839,7902)
  4  AND LOC ='NEW YORK';

DNAME               EMPNO                                                                                                                                                                               
-------------- ----------                                                                                                                                                                               
ACCOUNTING           7839                                                                                                                                                                               

SQL> SPOOL OFF
